{
  "model_type": "Logistic Regression",
  "accuracy": 0.841,
  "precision": 0.8257425742574257,
  "recall": 0.8545081967213115,
  "f1_score": 0.8398791540785498,
  "training_samples": 5000,
  "features": 5000
}